id,state,vm_id,length,pes,arrival,submit,start,finish,exec_time,wait_time,response_time,sla_violated
0,SUCCESS,4,77619,1,0,0.0,0.0,0.48511875,0.48511875,0.0,0.48511875,False
1,SUCCESS,1,64407,4,0,0.0,18.20403333333333,18.740758333333332,0.5367250000000006,18.20403333333333,18.740758333333332,False
2,SUCCESS,1,64651,1,0,0.0,0.0,0.5387583333333333,0.5387583333333333,0.0,0.5387583333333333,False
3,SUCCESS,4,67119,1,0,0.0,18.607631250000004,19.027125000000005,0.4194937500000009,18.607631250000004,19.027125000000005,False
4,SUCCESS,4,99918,2,0,0.0,17.602462500000005,18.226950000000006,0.6244875000000008,17.602462500000005,18.226950000000006,False
5,SUCCESS,3,61778,1,0,0.0,17.156640000000003,18.392200000000003,1.2355599999999995,17.156640000000003,18.392200000000003,False
6,SUCCESS,1,65049,3,0,0.0,0.5387583333333333,1.0808333333333333,0.542075,0.5387583333333333,1.0808333333333333,False
7,SUCCESS,4,67892,2,0,0.0,19.027125000000005,19.451450000000005,0.4243249999999996,19.027125000000005,19.451450000000005,False
8,SUCCESS,0,54447,4,0,0.0,18.01585,19.377025,1.3611749999999994,18.01585,19.377025,False
9,SUCCESS,4,60909,3,0,0.0,18.226950000000006,18.607631250000004,0.3806812499999985,18.226950000000006,18.607631250000004,False
10,SUCCESS,1,83666,1,0,0.0,18.740758333333332,19.437974999999998,0.6972166666666659,18.740758333333332,19.437974999999998,False
11,SUCCESS,4,85357,3,0,0.0,14.253000000000005,14.786481250000005,0.5334812499999995,14.253000000000005,14.786481250000005,False
12,SUCCESS,4,65757,2,0,0.0,13.316043750000004,13.727025000000005,0.41098125000000074,13.316043750000004,13.727025000000005,False
13,SUCCESS,1,54593,4,0,0.0,11.370574999999999,11.825516666666665,0.4549416666666666,11.370574999999999,11.825516666666665,False
14,SUCCESS,1,51626,4,0,0.0,1.0808333333333333,1.51105,0.4302166666666667,1.0808333333333333,1.51105,False
15,SUCCESS,4,71599,4,0,0.0,17.154968750000005,17.602462500000005,0.4474937499999996,17.154968750000005,17.602462500000005,False
16,SUCCESS,3,63545,3,0,0.0,18.392200000000003,19.663100000000004,1.270900000000001,18.392200000000003,19.663100000000004,False
17,SUCCESS,4,91730,1,0,0.0,16.581656250000005,17.154968750000005,0.5733125000000001,16.581656250000005,17.154968750000005,False
18,SUCCESS,4,80920,1,0,0.0,16.075906250000006,16.581656250000005,0.505749999999999,16.075906250000006,16.581656250000005,False
19,SUCCESS,1,76689,3,0,0.0,17.564958333333333,18.20403333333333,0.6390749999999983,17.564958333333333,18.20403333333333,False
20,SUCCESS,4,69443,2,0,0.0,15.641887500000005,16.075906250000006,0.4340187500000017,15.641887500000005,16.075906250000006,False
21,SUCCESS,1,61747,3,0,0.0,17.0504,17.564958333333333,0.5145583333333335,17.0504,17.564958333333333,False
22,SUCCESS,4,82234,1,0,0.0,15.127925000000005,15.641887500000005,0.5139624999999999,15.127925000000005,15.641887500000005,False
23,SUCCESS,0,50712,4,0,0.0,16.74805,18.01585,1.2678000000000011,16.74805,18.01585,False
24,SUCCESS,4,54631,3,0,0.0,14.786481250000005,15.127925000000005,0.3414437499999998,14.786481250000005,15.127925000000005,False
25,SUCCESS,1,61591,3,0,0.0,16.537141666666667,17.0504,0.5132583333333329,16.537141666666667,17.0504,False
26,SUCCESS,4,84156,3,0,0.0,13.727025000000005,14.253000000000005,0.5259750000000007,13.727025000000005,14.253000000000005,False
27,SUCCESS,1,83859,2,0,0.0,11.825516666666665,12.524341666666665,0.6988249999999994,11.825516666666665,12.524341666666665,False
28,SUCCESS,4,85713,1,0,0.0,4.6369875,5.1726937500000005,0.5357062500000005,4.6369875,5.1726937500000005,False
29,SUCCESS,3,58818,3,0,0.0,2.83068,4.00704,1.1763599999999999,2.83068,4.00704,False
30,SUCCESS,4,87902,1,0,0.0,0.48511875,1.03450625,0.5493874999999999,0.48511875,1.03450625,False
31,SUCCESS,1,86833,3,0,0.0,15.813533333333332,16.537141666666667,0.7236083333333347,15.813533333333332,16.537141666666667,False
32,SUCCESS,4,65728,4,0,0.0,12.905243750000004,13.316043750000004,0.41080000000000005,12.905243750000004,13.316043750000004,False
33,SUCCESS,2,55905,2,0,0.0,15.663333333333332,19.39033333333333,3.7269999999999985,15.663333333333332,19.39033333333333,False
34,SUCCESS,4,76040,3,0,0.0,12.429993750000003,12.905243750000004,0.47525000000000084,12.429993750000003,12.905243750000004,False
35,SUCCESS,1,71752,3,0,0.0,15.215599999999998,15.813533333333332,0.5979333333333336,15.215599999999998,15.813533333333332,False
36,SUCCESS,4,83820,3,0,0.0,11.906118750000003,12.429993750000003,0.5238750000000003,11.906118750000003,12.429993750000003,False
37,SUCCESS,0,64452,4,0,0.0,15.136750000000001,16.74805,1.6112999999999982,15.136750000000001,16.74805,False
38,SUCCESS,4,57673,2,0,0.0,11.545662500000002,11.906118750000003,0.36045625000000037,11.545662500000002,11.906118750000003,False
39,SUCCESS,1,93118,3,0,0.0,14.439616666666666,15.215599999999998,0.7759833333333326,14.439616666666666,15.215599999999998,False
40,SUCCESS,1,86424,4,0,0.0,13.719416666666666,14.439616666666666,0.7202000000000002,13.719416666666666,14.439616666666666,False
41,SUCCESS,4,98144,1,0,0.0,10.932262500000002,11.545662500000002,0.6134000000000004,10.932262500000002,11.545662500000002,False
42,SUCCESS,4,87441,4,0,0.0,10.385756250000002,10.932262500000002,0.5465062500000002,10.385756250000002,10.932262500000002,False
43,SUCCESS,3,78208,2,0,0.0,15.592480000000002,17.156640000000003,1.564160000000001,15.592480000000002,17.156640000000003,False
44,SUCCESS,4,70243,2,0,0.0,9.946737500000001,10.385756250000002,0.4390187500000007,9.946737500000001,10.385756250000002,False
45,SUCCESS,1,66853,4,0,0.0,13.162308333333332,13.719416666666666,0.5571083333333338,13.162308333333332,13.719416666666666,False
46,SUCCESS,4,97699,1,0,0.0,9.33611875,9.946737500000001,0.6106187500000004,9.33611875,9.946737500000001,False
47,SUCCESS,1,76556,3,0,0.0,12.524341666666665,13.162308333333332,0.6379666666666672,12.524341666666665,13.162308333333332,False
48,SUCCESS,4,88719,1,0,0.0,8.781625,9.33611875,0.5544937500000007,8.781625,9.33611875,False
49,SUCCESS,4,92285,1,0,0.0,8.20484375,8.781625,0.5767812499999998,8.20484375,8.781625,False
50,SUCCESS,4,83718,2,0,0.0,7.681606250000001,8.20484375,0.5232374999999996,7.681606250000001,8.20484375,False
51,SUCCESS,0,70127,4,0,0.0,13.383575,15.136750000000001,1.7531750000000006,13.383575,15.136750000000001,False
52,SUCCESS,3,86258,4,0,0.0,13.867320000000001,15.592480000000002,1.7251600000000007,13.867320000000001,15.592480000000002,False
53,SUCCESS,4,97577,3,0,0.0,7.071750000000001,7.681606250000001,0.60985625,7.071750000000001,7.681606250000001,False
54,SUCCESS,4,59612,1,0,0.0,6.699175,7.071750000000001,0.3725750000000003,6.699175,7.071750000000001,False
55,SUCCESS,4,55361,2,0,0.0,6.35316875,6.699175,0.3460062500000003,6.35316875,6.699175,False
56,SUCCESS,3,88783,4,0,0.0,12.091660000000001,13.867320000000001,1.7756600000000002,12.091660000000001,13.867320000000001,False
57,SUCCESS,4,92525,3,0,0.0,5.7748875,6.35316875,0.5782812499999999,5.7748875,6.35316875,False
58,SUCCESS,4,96351,2,0,0.0,5.1726937500000005,5.7748875,0.6021937499999996,5.1726937500000005,5.7748875,False
59,SUCCESS,0,53725,3,0,0.0,1.475475,2.8186,1.343125,1.475475,2.8186,False
60,SUCCESS,0,59019,4,0,0.0,0.0,1.475475,1.475475,0.0,1.475475,False
61,SUCCESS,3,65901,4,0,0.0,1.51266,2.83068,1.3180200000000002,1.51266,2.83068,False
62,SUCCESS,3,75633,3,0,0.0,0.0,1.51266,1.51266,0.0,1.51266,False
63,SUCCESS,0,61754,2,0,0.0,11.839725,13.383575,1.5438500000000008,11.839725,13.383575,False
64,SUCCESS,0,99079,1,0,0.0,9.36275,11.839725,2.4769749999999995,9.36275,11.839725,False
65,SUCCESS,2,67483,4,0,0.0,11.164466666666666,15.663333333333332,4.498866666666666,11.164466666666666,15.663333333333332,False
66,SUCCESS,2,69717,2,0,0.0,6.516666666666667,11.164466666666666,4.647799999999999,6.516666666666667,11.164466666666666,False
67,SUCCESS,2,97750,2,0,0.0,0.0,6.516666666666667,6.516666666666667,0.0,6.516666666666667,False
68,SUCCESS,1,63863,1,0,0.0,10.838383333333333,11.370574999999999,0.532191666666666,10.838383333333333,11.370574999999999,False
69,SUCCESS,1,68666,4,0,0.0,10.266166666666667,10.838383333333333,0.5722166666666659,10.266166666666667,10.838383333333333,False
70,SUCCESS,1,91375,4,0,0.0,9.504708333333333,10.266166666666667,0.7614583333333336,9.504708333333333,10.266166666666667,False
71,SUCCESS,1,74034,2,0,0.0,8.887758333333334,9.504708333333333,0.6169499999999992,8.887758333333334,9.504708333333333,False
72,SUCCESS,3,96214,2,0,0.0,10.167380000000001,12.091660000000001,1.9242799999999995,10.167380000000001,12.091660000000001,False
73,SUCCESS,1,82885,4,0,0.0,8.19705,8.887758333333334,0.6907083333333333,8.19705,8.887758333333334,False
74,SUCCESS,1,57494,2,0,0.0,7.717933333333335,8.19705,0.4791166666666662,7.717933333333335,8.19705,False
75,SUCCESS,0,76324,3,0,0.0,7.45465,9.36275,1.9081000000000001,7.45465,9.36275,False
76,SUCCESS,1,71655,3,0,0.0,7.1208083333333345,7.717933333333335,0.5971250000000001,7.1208083333333345,7.717933333333335,False
77,SUCCESS,3,65657,4,0,0.0,8.85424,10.167380000000001,1.3131400000000006,8.85424,10.167380000000001,False
78,SUCCESS,1,94336,2,0,0.0,6.334675000000001,7.1208083333333345,0.7861333333333338,6.334675000000001,7.1208083333333345,False
79,SUCCESS,1,64649,4,0,0.0,5.795933333333334,6.334675000000001,0.5387416666666667,5.795933333333334,6.334675000000001,False
80,SUCCESS,0,97009,2,0,0.0,5.029425,7.45465,2.425225,5.029425,7.45465,False
81,SUCCESS,3,79221,4,0,0.0,7.26982,8.85424,1.5844200000000006,7.26982,8.85424,False
82,SUCCESS,1,95716,3,0,0.0,4.9983,5.795933333333334,0.7976333333333336,4.9983,5.795933333333334,False
83,SUCCESS,4,96406,3,0,0.0,4.03445,4.6369875,0.6025375000000004,4.03445,4.6369875,False
84,SUCCESS,1,65896,4,0,0.0,4.449166666666667,4.9983,0.5491333333333337,4.449166666666667,4.9983,False
85,SUCCESS,3,87535,2,0,0.0,5.51912,7.26982,1.7507000000000001,5.51912,7.26982,False
86,SUCCESS,4,96410,1,0,0.0,3.4318874999999998,4.03445,0.6025624999999999,3.4318874999999998,4.03445,False
87,SUCCESS,1,88610,1,0,0.0,3.7107500000000004,4.449166666666667,0.7384166666666663,3.7107500000000004,4.449166666666667,False
88,SUCCESS,4,53809,2,0,0.0,3.09558125,3.4318874999999998,0.3363062499999998,3.09558125,3.4318874999999998,False
89,SUCCESS,0,88433,1,0,0.0,2.8186,5.029425,2.210825,2.8186,5.029425,False
90,SUCCESS,1,81985,2,0,0.0,3.027541666666667,3.7107500000000004,0.6832083333333334,3.027541666666667,3.7107500000000004,False
91,SUCCESS,4,66770,3,0,0.0,2.67826875,3.09558125,0.4173125,2.67826875,3.09558125,False
92,SUCCESS,4,58160,4,0,0.0,2.31476875,2.67826875,0.36350000000000016,2.31476875,2.67826875,False
93,SUCCESS,1,66533,4,0,0.0,2.4731,3.027541666666667,0.5544416666666669,2.4731,3.027541666666667,False
94,SUCCESS,3,75604,2,0,0.0,4.00704,5.51912,1.51208,4.00704,5.51912,False
95,SUCCESS,4,88947,3,0,0.0,1.7588499999999998,2.31476875,0.55591875,1.7588499999999998,2.31476875,False
96,SUCCESS,1,53935,3,0,0.0,2.023641666666667,2.4731,0.4494583333333333,2.023641666666667,2.4731,False
97,SUCCESS,4,65554,3,0,0.0,1.3491374999999999,1.7588499999999998,0.4097124999999999,1.3491374999999999,1.7588499999999998,False
98,SUCCESS,1,61511,3,0,0.0,1.51105,2.023641666666667,0.5125916666666668,1.51105,2.023641666666667,False
99,SUCCESS,4,50341,4,0,0.0,1.03450625,1.3491374999999999,0.3146312499999999,1.03450625,1.3491374999999999,False
